[
    {
        "name": "United States",
        "code": "USA"
    },
    {
        "name": "United Kingdom",
        "code": "UK"
    },
    {
        "name": "Australia",
        "code": "AUS"
    },
    {
        "name": "Canada",
        "code": "CAN"
    },
    {
        "name": "Germany",
        "code": "GER"
    },
    {
        "name": "France",
        "code": "FRA"
    },
    {
        "name": "Italy",
        "code": "ITA"
    },
    {
        "name": "Brazil",
        "code": "BRA"
    },
    {
        "name": "Japan",
        "code": "JPN"
    },
    {
        "name": "South Korea",
        "code": "KOR"
    },
    {
        "name": "China",
        "code": "CHN"
    },
    {
        "name": "Russia",
        "code": "RUS"
    },
    {
        "name": "India",
        "code": "IND"
    },
    {
        "name": "Mexico",
        "code": "MEX"
    },
    {
        "name": "Spain",
        "code": "ESP"
    },
    {
        "name": "South Africa",
        "code": "ZAF"
    },
    {
        "name": "Argentina",
        "code": "ARG"
    },
    {
        "name": "Turkey",
        "code": "TUR"
    },
    {
        "name": "Saudi Arabia",
        "code": "SAU"
    },
    {
        "name": "Egypt",
        "code": "EGY"
    },
    {
        "name": "Sweden",
        "code": "SWE"
    },
    {
        "name": "Norway",
        "code": "NOR"
    },
    {
        "name": "Netherlands",
        "code": "NLD"
    },
    {
        "name": "Switzerland",
        "code": "CHE"
    },
    {
        "name": "Belgium",
        "code": "BEL"
    },
    {
        "name": "Denmark",
        "code": "DNK"
    },
    {
        "name": "Poland",
        "code": "POL"
    },
    {
        "name": "New Zealand",
        "code": "NZL"
    },
    {
        "name": "Indonesia",
        "code": "IDN"
    },
    {
        "name": "Pakistan",
        "code": "PAK"
    },
    {
        "name": "Nigeria",
        "code": "NGA"
    },
    {
        "name": "Malaysia",
        "code": "MYS"
    },
    {
        "name": "Singapore",
        "code": "SGP"
    },
    {
        "name": "Thailand",
        "code": "THA"
    },
    {
        "name": "Vietnam",
        "code": "VNM"
    },
    {
        "name": "Philippines",
        "code": "PHL"
    },
    {
        "name": "Bangladesh",
        "code": "BGD"
    },
    {
        "name": "Ukraine",
        "code": "UKR"
    },
    {
        "name": "Chile",
        "code": "CHL"
    },
    {
        "name": "Israel",
        "code": "ISR"
    },
    {
        "name": "Finland",
        "code": "FIN"
    },
    {
        "name": "Greece",
        "code": "GRC"
    },
    {
        "name": "Portugal",
        "code": "PRT"
    },
    {
        "name": "Czech Republic",
        "code": "CZE"
    },
    {
        "name": "Ireland",
        "code": "IRL"
    },
    {
        "name": "Hungary",
        "code": "HUN"
    },
    {
        "name": "Romania",
        "code": "ROU"
    },
    {
        "name": "Croatia",
        "code": "HRV"
    },
    {
        "name": "Bulgaria",
        "code": "BGR"
    },
    {
        "name": "Slovakia",
        "code": "SVK"
    },
    {
        "name": "Serbia",
        "code": "SRB"
    },
    {
        "name": "Slovenia",
        "code": "SVN"
    },
    {
        "name": "Latvia",
        "code": "LVA"
    },
    {
        "name": "Lithuania",
        "code": "LTU"
    },
    {
        "name": "Estonia",
        "code": "EST"
    },
    {
        "name": "Luxembourg",
        "code": "LUX"
    },
    {
        "name": "Malta",
        "code": "MLT"
    },
    {
        "name": "Iceland",
        "code": "ISL"
    },
    {
        "name": "Monaco",
        "code": "MCO"
    },
    {
        "name": "Andorra",
        "code": "AND"
    },
    {
        "name": "Liechtenstein",
        "code": "LIE"
    },
    {
        "name": "San Marino",
        "code": "SMR"
    },
    {
        "name": "Vatican City",
        "code": "VAT"
    },
    {
        "name": "Armenia",
        "code": "ARM"
    },
    {
        "name": "Georgia",
        "code": "GEO"
    },
    {
        "name": "Kazakhstan",
        "code": "KAZ"
    },
    {
        "name": "Uzbekistan",
        "code": "UZB"
    },
    {
        "name": "Azerbaijan",
        "code": "AZE"
    },
    {
        "name": "Kyrgyzstan",
        "code": "KGZ"
    },
    {
        "name": "Tajikistan",
        "code": "TJK"
    },
    {
        "name": "Turkmenistan",
        "code": "TKM"
    },
    {
        "name": "Mongolia",
        "code": "MNG"
    },
    {
        "name": "Nepal",
        "code": "NPL"
    },
    {
        "name": "Bhutan",
        "code": "BTN"
    },
    {
        "name": "Maldives",
        "code": "MDV"
    },
    {
        "name": "Sri Lanka",
        "code": "LKA"
    },
    {
        "name": "Myanmar",
        "code": "MMR"
    },
    {
        "name": "Cambodia",
        "code": "KHM"
    },
    {
        "name": "Laos",
        "code": "LAO"
    },
    {
        "name": "Brunei",
        "code": "BRN"
    },
    {
        "name": "Timor-Leste",
        "code": "TLS"
    },
    {
        "name": "Fiji",
        "code": "FJI"
    },
    {
        "name": "Tonga",
        "code": "TON"
    },
    {
        "name": "Samoa",
        "code": "WSM"
    },
    {
        "name": "Kiribati",
        "code": "KIR"
    },
    {
        "name": "Vanuatu",
        "code": "VUT"
    },
    {
        "name": "Solomon Islands",
        "code": "SLB"
    },
    {
        "name": "Papua New Guinea",
        "code": "PNG"
    },
    {
        "name": "Marshall Islands",
        "code": "MHL"
    },
    {
        "name": "Palau",
        "code": "PLW"
    },
    {
        "name": "Nauru",
        "code": "NRU"
    },
    {
        "name": "Tuvalu",
        "code": "TUV"
    }
]